hifigan_589_1692_000106.json,hifigan_589_1692_000106.wav
hifigan_589_1692_000106.json,hifigan_589_1692_000106.wav
hifigan_589_1692_000106.json,hifigan_589_1692_000106.wav
hifigan_589_1692_000106.json,hifigan_589_1692_000106.wav
hifigan_589_1692_000106.json,hifigan_589_1692_000106.wav
hifigan_589_1692_000106.json,hifigan_589_1692_000106.wav
hifigan_589_1692_000106.json,hifigan_589_1692_000106.wav
hifigan_589_1692_000106.json,hifigan_589_1692_000106.wav
hifigan_589_1692_000106.json,hifigan_589_1692_000106.wav
hifigan_589_1692_000106.json,hifigan_589_1692_000106.wav
hifigan_589_1692_000106.json,hifigan_589_1692_000106.wav
hifigan_589_1692_000106.json,hifigan_589_1692_000106.wav
hifigan_589_1692_000106.json,hifigan_589_1692_000106.wav
hifigan_589_1692_000106.json,hifigan_589_1692_000106.wav
hifigan_589_1692_000106.json,hifigan_589_1692_000106.wav
hifigan_589_1692_000106.json,hifigan_589_1692_000106.wav
